Nome;Cenario;Capacidade Instalada;Garantia Física;G_periodo1;G_periodo2;G_periodo3;G_periodo4;G_periodo5;G_periodo6;G_periodo7;G_periodo8;G_periodo9;G_periodo10;G_periodo11;G_periodo12;G_periodo13;G_periodo14;G_periodo15;G_periodo16;G_periodo17;G_periodo18;G_periodo19;G_periodo20;G_periodo21;G_periodo22;G_periodo23;G_periodo24;G_periodo25;G_periodo26;G_periodo27;G_periodo28;G_periodo29;G_periodo30;G_periodo31;G_periodo32;G_periodo33;G_periodo34;G_periodo35;G_periodo36;G_periodo37;G_periodo38;G_periodo39;G_periodo40;G_periodo41;G_periodo42;G_periodo43;G_periodo44;G_periodo45;G_periodo46;G_periodo47;G_periodo48
BELO MONTE;1;2886,516791;2886,516791;2886,5168;2886,5168;2886,5168;2886,5168;2886,5168;2886,5168;2886,5168;2886,5168;2886,5168;2886,5168;2886,5168;2886,5168;2886,5168;2886,5168;130,07;2886,5168;2886,5168;2870,9077;2886,5168;2886,5168;2886,5168;130,07;2886,5168;130,07;2886,5168;2886,5168;2886,5168;2886,5168;2886,5168;2886,5168;2886,5168;2886,5168;2886,5168;2886,5168;2886,5168;2886,5168;2886,5168;2886,5168;2886,5168;130,07;130,07;130,07;2299,49;2886,5168;2886,5168;130,07;130,07;2886,5168
JIRAU;1;2265,031418;2265,031418;2265,0314;2265,0314;2265,0314;2265,0314;2265,0314;2265,0314;2265,0314;2265,0314;2265,0314;2265,0314;2265,0314;2265,0314;2265,0314;2265,0314;2265,0314;2265,0314;2265,0314;2265,0314;2265,0314;2265,0314;2265,0314;2265,0314;2265,0314;2265,0314;2265,0314;2265,0314;2265,0314;2265,0314;2265,0314;2265,0314;2265,0314;2265,0314;2265,0314;2265,0314;2265,0314;2265,0314;2265,0314;2265,0314;2265,0314;2265,0314;2265,0314;2265,0314;2265,0314;2265,0314;2265,0314;2265,0314;2265,0314;2265,0314
STO ANTONIO;1;2418,06137;2418,06137;2418,0614;2418,0614;2418,0614;2418,0614;2418,0614;2418,0614;2418,0614;2418,0614;2418,0614;2418,0614;2418,0614;2418,0614;2418,0614;2418,0614;2418,0614;2418,0614;2418,0614;2418,0614;2418,0614;2418,0614;2418,0614;2418,0614;2418,0614;2418,0614;2418,0614;2418,0614;2418,0614;2418,0614;2418,0614;2418,0614;2418,0614;2418,0614;2418,0614;2418,0614;2418,0614;2418,0614;2418,0614;2418,0614;2418,0614;2418,0614;2418,0614;2418,0614;2418,0614;2418,0614;2418,0614;2418,0614;2418,0614;2418,0614
TELES PIRES;1;1004,261266;1004,261266;1004,2613;1004,2613;1004,2613;1004,2613;1004,2613;1004,2613;1004,2613;1004,2613;1004,2613;1004,2613;1004,2613;1004,2613;1004,2613;1004,2613;1004,2613;0,0;0,0;0,0;1004,2613;1004,2613;0,0;1004,2613;1004,2613;1004,2613;1004,2613;1004,2613;1004,2613;1004,2613;1004,2613;1004,2613;1004,2613;1004,2613;1004,2613;1004,2613;1004,2613;1004,2613;1004,2613;1004,2613;0,0;1004,2613;1004,2613;1004,2613;0,0;0,0;0,0;0,0;1004,2613;1004,2613
14 DE JULHO;1;58,50462269;58,50462269;58,504623;58,504623;58,504623;58,504623;58,504623;58,504623;58,504623;58,504623;58,504623;58,504623;58,504623;58,504623;58,504623;58,504623;58,504623;58,504623;58,504623;58,504623;58,504623;58,504623;58,504623;58,504623;58,504623;58,504623;58,504623;58,504623;58,504623;58,504623;58,504623;58,504623;58,504623;58,504623;58,504623;58,504623;58,504623;58,504623;58,504623;58,504623;58,504623;58,504623;58,504623;58,504623;58,504623;58,504623;58,504623;58,504623;58,504623;58,504623
A. VERMELHA;1;870,5809483;870,5809483;870,58095;870,58095;870,58095;870,58095;870,58095;870,58095;870,58095;870,58095;870,58095;870,58095;870,58095;870,58095;870,58095;870,58095;870,58095;870,58095;870,58095;870,58095;870,58095;870,58095;870,58095;870,58095;870,58095;870,58095;870,58095;870,58095;870,58095;870,58095;870,58095;870,58095;870,58095;870,58095;870,58095;870,58095;870,58095;870,58095;870,58095;870,58095;870,58095;870,58095;870,58095;870,58095;870,58095;870,58095;870,58095;870,58095;870,58095;870,58095
A.A. LAYDNER;1;59,53727623;59,53727623;59,537276;59,537276;59,537276;59,537276;59,537276;59,537276;59,537276;59,537276;59,537276;59,537276;59,537276;59,537276;59,537276;59,537276;59,537276;59,537276;59,537276;59,537276;59,537276;59,537276;59,537276;59,537276;59,537276;59,537276;59,537276;59,537276;59,537276;59,537276;59,537276;59,537276;59,537276;59,537276;59,537276;59,537276;59,537276;59,537276;59,537276;59,537276;59,537276;59,537276;59,537276;59,537276;59,537276;59,537276;59,537276;59,537276;59,537276;59,537276
A.S.OLIVEIRA;1;17,46853086;17,46853086;17,468531;17,468531;17,468531;17,468531;17,468531;17,468531;17,468531;17,468531;17,468531;17,468531;17,468531;17,468531;17,468531;17,468531;17,468531;17,468531;17,468531;17,468531;17,468531;17,468531;17,468531;17,468531;17,468531;17,468531;17,468531;17,468531;17,468531;17,468531;17,468531;17,468531;17,468531;17,468531;17,468531;17,468531;17,468531;17,468531;17,468531;17,468531;17,468531;17,468531;17,468531;17,468531;17,468531;17,468531;17,468531;17,468531;17,468531;17,468531
A.SOUZA LIMA;1;74,18336574;74,18336574;74,183366;74,183366;74,183366;74,183366;74,183366;74,183366;74,183366;74,183366;74,183366;74,183366;74,183366;74,183366;74,183366;74,183366;74,183366;74,183366;18,14;18,14;74,183366;18,14;74,183366;74,183366;18,14;74,183366;74,183366;74,183366;74,183366;74,183366;74,183366;74,183366;74,183366;74,183366;74,183366;74,183366;74,183366;74,183366;74,183366;74,183366;18,14;18,14;18,14;74,183366;74,183366;74,183366;74,183366;74,183366;18,14;74,183366
AIMORES;1;176,0989954;176,0989954;176,099;176,099;176,099;176,099;176,099;176,099;176,099;176,099;176,099;176,099;176,099;176,099;176,099;176,099;176,099;176,099;176,099;176,099;176,099;176,099;176,099;176,099;176,099;176,099;176,099;176,099;176,099;176,099;176,099;176,099;176,099;176,099;176,099;176,099;176,099;176,099;176,099;176,099;176,099;176,099;176,099;176,099;176,099;176,099;176,099;176,099;176,099;176,099
B. COQUEIROS;1;59,99472068;59,99472068;59,994721;59,994721;59,994721;59,994721;59,994721;59,994721;59,994721;59,994721;59,994721;59,994721;59,994721;59,994721;59,994721;59,994721;59,994721;59,994721;59,994721;59,994721;59,994721;59,994721;59,994721;59,994721;59,994721;59,994721;59,994721;59,994721;59,994721;59,994721;59,994721;59,994721;59,994721;59,994721;59,994721;59,994721;59,994721;59,994721;59,994721;59,994721;59,994721;59,994721;59,994721;59,994721;59,994721;59,994721;59,994721;59,994721;59,994721;59,994721
B. ESPERANCA;1;144,2777106;144,2777106;144,27771;144,27771;144,27771;144,27771;144,27771;144,27771;144,27771;144,27771;144,27771;144,27771;144,27771;144,27771;144,27771;144,27771;13,1;144,27771;144,27771;13,1;144,27771;144,27771;144,27771;144,27771;13,1;13,1;144,27771;144,27771;144,27771;144,27771;144,27771;144,27771;144,27771;144,27771;144,27771;144,27771;144,27771;144,27771;144,27771;144,27771;13,1;144,27771;144,27771;144,27771;13,1;13,1;144,27771;13,1;144,27771;13,1
BAGUARI;1;82,18203241;82,18203241;82,182032;82,182032;82,182032;82,182032;82,182032;82,182032;82,182032;82,182032;82,182032;82,182032;82,182032;82,182032;82,182032;82,182032;82,182032;82,182032;82,182032;82,182032;82,182032;82,182032;82,182032;82,182032;82,182032;82,182032;82,182032;82,182032;82,182032;82,182032;82,182032;82,182032;82,182032;82,182032;82,182032;82,182032;82,182032;82,182032;82,182032;82,182032;82,182032;82,182032;82,182032;82,182032;82,182032;82,182032;82,182032;82,182032;82,182032;82,182032
BALBINA;1;116,9041721;116,9041721;116,90417;116,90417;116,90417;116,90417;116,90417;116,90417;116,90417;116,90417;116,90417;116,90417;116,90417;116,90417;116,90417;116,90417;116,90417;116,90417;116,90417;5,84;116,90417;116,90417;5,84;5,84;5,84;116,90417;116,90417;116,90417;116,90417;116,90417;116,90417;116,90417;116,90417;116,90417;116,90417;116,90417;116,90417;116,90417;116,90417;116,90417;116,90417;5,84;5,84;116,90417;116,90417;116,90417;5,84;5,84;5,84;116,90417
BARRA BONITA;1;64,68812114;64,68812114;64,688121;64,688121;64,688121;64,688121;64,688121;64,688121;64,688121;64,688121;64,688121;64,688121;64,688121;64,688121;64,688121;64,688121;64,688121;64,688121;64,688121;19,42;19,42;19,42;64,688121;19,42;64,688121;64,688121;64,688121;64,688121;64,688121;64,688121;64,688121;64,688121;64,688121;64,688121;64,688121;64,688121;64,688121;64,688121;64,688121;64,688121;64,688121;19,42;64,688121;64,688121;19,42;64,688121;19,42;64,688121;19,42;64,688121
BARRA GRANDE;1;354,1234537;354,1234537;354,12345;354,12345;354,12345;354,12345;354,12345;354,12345;354,12345;354,12345;354,12345;354,12345;354,12345;354,12345;354,12345;354,12345;354,12345;354,12345;354,12345;354,12345;354,12345;354,12345;354,12345;354,12345;354,12345;354,12345;354,12345;354,12345;354,12345;354,12345;354,12345;354,12345;354,12345;354,12345;354,12345;354,12345;354,12345;354,12345;354,12345;354,12345;354,12345;354,12345;354,12345;354,12345;354,12345;354,12345;354,12345;354,12345;354,12345;354,12345
BATALHA;1;31,46336651;31,46336651;31,463367;31,463367;31,463367;31,463367;31,463367;31,463367;31,463367;31,463367;31,463367;31,463367;31,463367;31,463367;31,463367;31,463367;27,93;31,463367;27,93;27,93;31,463367;31,463367;31,463367;27,93;27,93;31,463367;31,463367;31,463367;31,463367;31,463367;31,463367;31,463367;31,463367;31,463367;31,463367;31,463367;31,463367;31,463367;31,463367;31,463367;31,463367;27,93;31,463367;31,463367;27,93;31,463367;27,93;27,93;27,93;27,93
CACH DOURADA;1;400,9640301;400,9640301;400,96403;400,96403;400,96403;400,96403;400,96403;400,96403;400,96403;400,96403;400,96403;400,96403;400,96403;400,96403;400,96403;400,96403;400,96403;400,96403;400,96403;400,96403;400,96403;400,96403;400,96403;400,96403;400,96403;400,96403;400,96403;400,96403;400,96403;400,96403;400,96403;400,96403;400,96403;400,96403;400,96403;400,96403;400,96403;400,96403;400,96403;400,96403;400,96403;400,96403;400,96403;400,96403;400,96403;400,96403;400,96403;400,96403;400,96403;400,96403
CACONDE;1;39,43574846;39,43574846;39,435748;39,435748;39,435748;39,435748;39,435748;39,435748;39,435748;39,435748;39,435748;39,435748;39,435748;39,435748;39,435748;39,435748;39,435748;13,6;39,435748;13,6;13,6;13,6;39,435748;39,435748;13,6;39,435748;39,435748;39,435748;39,435748;39,435748;39,435748;39,435748;39,435748;39,435748;39,435748;39,435748;39,435748;39,435748;39,435748;39,435748;39,435748;13,6;13,6;13,6;39,435748;39,435748;39,435748;39,435748;13,6;13,6
CACU;1;42,83781327;42,83781327;42,837813;42,837813;42,837813;42,837813;42,837813;42,837813;42,837813;42,837813;42,837813;42,837813;42,837813;42,837813;42,837813;42,837813;42,837813;42,837813;42,837813;42,837813;42,837813;42,837813;42,837813;42,837813;42,837813;42,837813;42,837813;42,837813;42,837813;42,837813;42,837813;42,837813;42,837813;42,837813;42,837813;42,837813;42,837813;42,837813;42,837813;42,837813;42,837813;42,837813;42,837813;42,837813;42,837813;42,837813;42,837813;42,837813;42,837813;42,837813
CAMARGOS;1;25,4289375;25,4289375;25,428938;25,428938;25,428938;25,428938;25,428938;25,428938;25,428938;25,428938;25,428938;25,428938;25,428938;25,428938;25,428938;25,428938;25,428938;25,428938;25,428938;25,428938;25,428938;25,428938;25,428938;25,428938;25,428938;25,428938;25,428938;25,428938;25,428938;25,428938;25,428938;25,428938;25,428938;25,428938;25,428938;25,428938;25,428938;25,428938;25,428938;25,428938;25,428938;25,428938;25,428938;25,428938;25,428938;25,428938;25,428938;25,428938;25,428938;25,428938
CAMPOS NOVOS;1;447,6095525;447,6095525;447,60955;447,60955;447,60955;447,60955;447,60955;447,60955;447,60955;447,60955;447,60955;447,60955;447,60955;447,60955;447,60955;447,60955;447,60955;447,60955;447,60955;447,60955;447,60955;447,60955;447,60955;447,60955;447,60955;447,60955;447,60955;447,60955;447,60955;447,60955;447,60955;447,60955;447,60955;447,60955;447,60955;447,60955;447,60955;447,60955;447,60955;447,60955;447,60955;447,60955;447,60955;447,60955;447,60955;447,60955;447,60955;447,60955;447,60955;447,60955
CANA BRAVA;1;287,3917577;287,3917577;287,39176;287,39176;287,39176;287,39176;287,39176;287,39176;287,39176;287,39176;287,39176;287,39176;287,39176;287,39176;287,39176;287,39176;287,39176;287,39176;287,39176;287,39176;287,39176;287,39176;287,39176;287,39176;287,39176;287,39176;287,39176;287,39176;287,39176;287,39176;287,39176;287,39176;287,39176;287,39176;287,39176;287,39176;287,39176;287,39176;287,39176;287,39176;287,39176;287,39176;287,39176;287,39176;287,39176;287,39176;287,39176;287,39176;287,39176;287,39176
CANDONGA;1;66,34408719;66,34408719;66,344087;66,344087;66,344087;66,344087;66,344087;66,344087;66,344087;66,344087;66,344087;66,344087;66,344087;66,344087;66,344087;66,344087;66,344087;13,11;13,11;13,11;66,344087;66,344087;13,11;66,344087;13,11;66,344087;66,344087;66,344087;66,344087;66,344087;66,344087;66,344087;66,344087;66,344087;66,344087;66,344087;66,344087;66,344087;66,344087;66,344087;13,11;13,11;13,11;66,344087;66,344087;13,11;13,11;13,11;66,344087;13,11
CANOAS I;1;61,812625;61,812625;61,812625;61,812625;61,812625;61,812625;61,812625;61,812625;61,812625;61,812625;61,812625;61,812625;61,812625;61,812625;61,812625;61,812625;10,88;61,812625;10,88;10,88;61,812625;61,812625;61,812625;61,812625;10,88;61,812625;61,812625;61,812625;61,812625;61,812625;61,812625;61,812625;61,812625;61,812625;61,812625;61,812625;61,812625;61,812625;61,812625;61,812625;61,812625;10,88;61,812625;10,88;61,812625;61,812625;10,88;10,88;61,812625;10,88
CANOAS II;1;50,3562608;50,3562608;50,356261;50,356261;50,356261;50,356261;50,356261;50,356261;50,356261;50,356261;50,356261;50,356261;50,356261;50,356261;50,356261;50,356261;50,356261;50,356261;50,356261;50,356261;50,356261;50,356261;50,356261;15,91;50,156862;50,356261;50,356261;50,356261;50,356261;50,356261;50,356261;50,356261;50,356261;50,356261;50,356261;50,356261;50,356261;50,356261;50,356261;50,356261;50,356261;50,356261;50,356261;15,91;50,356261;50,356261;15,91;15,91;50,356261;15,91
CAPIM BRANC1;1;155,5440849;155,5440849;155,54408;155,54408;155,54408;155,54408;155,54408;155,54408;155,54408;155,54408;155,54408;155,54408;155,54408;155,54408;155,54408;155,54408;155,54408;155,54408;155,54408;155,54408;155,54408;155,54408;155,54408;155,54408;155,54408;155,54408;155,54408;155,54408;155,54408;155,54408;155,54408;155,54408;155,54408;155,54408;155,54408;155,54408;155,54408;155,54408;155,54408;155,54408;155,54408;155,54408;155,54408;155,54408;155,54408;155,54408;155,54408;155,54408;155,54408;155,54408
CAPIM BRANC2;1;132,9742608;132,9742608;132,97426;132,97426;132,97426;132,97426;132,97426;132,97426;132,97426;132,97426;132,97426;132,97426;132,97426;132,97426;132,97426;132,97426;132,97426;132,97426;132,97426;132,97426;132,97426;132,97426;132,97426;132,97426;132,97426;132,97426;132,97426;132,97426;132,97426;132,97426;132,97426;132,97426;132,97426;132,97426;132,97426;132,97426;132,97426;132,97426;132,97426;132,97426;132,97426;132,97426;132,97426;132,97426;132,97426;132,97426;132,97426;132,97426;132,97426;132,97426
CAPIVARA;1;406,2745378;406,2745378;406,27454;406,27454;406,27454;406,27454;406,27454;406,27454;406,27454;406,27454;406,27454;406,27454;406,27454;406,27454;406,27454;406,27454;406,27454;406,27454;406,27454;406,27454;406,27454;406,27454;406,27454;406,27454;406,27454;406,27454;406,27454;406,27454;406,27454;406,27454;406,27454;406,27454;406,27454;406,27454;406,27454;406,27454;406,27454;406,27454;406,27454;406,27454;406,27454;406,27454;406,27454;406,27454;406,27454;406,27454;406,27454;406,27454;406,27454;406,27454
CASTRO ALVES;1;72,10695448;72,10695448;72,106954;72,106954;72,106954;72,106954;72,106954;72,106954;72,106954;72,106954;72,106954;72,106954;72,106954;72,106954;72,106954;72,106954;72,106954;72,106954;72,106954;72,106954;72,106954;72,106954;72,106954;72,106954;72,106954;72,106954;72,106954;72,106954;72,106954;72,106954;72,106954;72,106954;72,106954;72,106954;72,106954;72,106954;72,106954;72,106954;72,106954;72,106954;72,106954;72,106954;72,106954;72,106954;72,106954;72,106954;72,106954;72,106954;72,106954;72,106954
CHAVANTES;1;212,662821;212,662821;212,66282;212,66282;212,66282;212,66282;212,66282;212,66282;212,66282;212,66282;212,66282;212,66282;212,66282;212,66282;212,66282;212,66282;212,66282;212,66282;212,66282;212,66282;212,66282;212,66282;212,66282;212,66282;212,66282;212,66282;212,66282;212,66282;212,66282;212,66282;212,66282;212,66282;212,66282;212,66282;212,66282;212,66282;212,66282;212,66282;212,66282;212,66282;212,66282;212,66282;212,66282;212,66282;212,66282;212,66282;212,66282;212,66282;212,66282;212,66282
COARA NUNES;1;59,05721605;59,05721605;59,057216;59,057216;59,057216;59,057216;59,057216;59,057216;59,057216;59,057216;59,057216;59,057216;59,057216;59,057216;59,057216;59,057216;0,0;0,0;59,057216;59,057216;59,057216;59,057216;0,0;59,057216;0,0;59,057216;59,057216;59,057216;59,057216;59,057216;59,057216;59,057216;59,057216;59,057216;59,057216;59,057216;59,057216;59,057216;59,057216;59,057216;0,0;59,057216;0,0;59,057216;0,0;0,0;59,057216;59,057216;59,057216;0,0
COMP PAF-MOX;1;1898,798411;1898,798411;1898,7984;1898,7984;1898,7984;1898,7984;1898,7984;1898,7984;1898,7984;1898,7984;1898,7984;1898,7984;1898,7984;1898,7984;1898,7984;1898,7984;1898,7984;1898,7984;1898,7984;1898,7984;1898,7984;1898,7984;1898,7984;1898,7984;1898,7984;1898,7984;1898,7984;1898,7984;1898,7984;1898,7984;1898,7984;1898,7984;1898,7984;1898,7984;1898,7984;1898,7984;1898,7984;1898,7984;1898,7984;1898,7984;1898,7984;1898,7984;1898,7984;1898,7984;1898,7984;1898,7984;1898,7984;1898,7984;1898,7984;1898,7984
CORUMBA I;1;233,3761134;233,3761134;233,37611;233,37611;233,37611;233,37611;233,37611;233,37611;233,37611;233,37611;233,37611;233,37611;233,37611;233,37611;233,37611;233,37611;233,37611;233,37611;233,37611;233,37611;233,37611;233,37611;233,37611;233,37611;233,37611;233,37611;233,37611;233,37611;233,37611;233,37611;233,37611;233,37611;233,37611;233,37611;233,37611;233,37611;233,37611;233,37611;233,37611;233,37611;233,37611;233,37611;233,37611;233,37611;233,37611;233,37611;233,37611;233,37611;233,37611;233,37611
CORUMBA III;1;52,80022685;52,80022685;52,800227;52,800227;52,800227;52,800227;52,800227;52,800227;52,800227;52,800227;52,800227;52,800227;52,800227;52,800227;52,800227;52,800227;52,800227;52,800227;52,800227;52,800227;52,800227;52,800227;52,800227;52,800227;52,800227;52,800227;52,800227;52,800227;52,800227;52,800227;52,800227;52,800227;52,800227;52,800227;52,800227;52,800227;52,800227;52,800227;52,800227;52,800227;52,800227;52,800227;52,800227;52,800227;52,800227;52,800227;52,800227;52,800227;52,800227;52,800227
CORUMBA IV;1;72,25456944;72,25456944;72,254569;72,254569;72,254569;72,254569;72,254569;72,254569;72,254569;72,254569;72,254569;72,254569;72,254569;72,254569;72,254569;72,254569;72,254569;72,254569;72,254569;6,48;72,254569;72,254569;72,254569;6,48;6,48;72,254569;72,254569;72,254569;72,254569;72,254569;72,254569;72,254569;72,254569;72,254569;72,254569;72,254569;72,254569;72,254569;72,254569;72,254569;6,48;72,254569;6,48;72,254569;6,48;72,254569;6,48;72,254569;6,48;72,254569
D. FRANCISCA;1;82,13651157;82,13651157;82,136512;82,136512;82,136512;82,136512;82,136512;82,136512;82,136512;82,136512;82,136512;82,136512;82,136512;82,136512;82,136512;82,136512;0,0;82,136512;0,0;0,0;82,136512;0,0;82,136512;0,0;0,0;0,0;82,136512;82,136512;82,136512;82,136512;82,136512;82,136512;82,136512;82,136512;82,136512;82,136512;82,136512;82,136512;82,136512;82,136512;0,0;0,0;82,136512;82,136512;82,136512;82,136512;82,136512;0,0;0,0;82,136512
DARDANELOS;1;149,1084344;149,1084344;149,10843;149,10843;149,10843;149,10843;149,10843;149,10843;149,10843;149,10843;149,10843;149,10843;149,10843;149,10843;149,10843;149,10843;11,73;11,73;149,10843;149,10843;11,73;149,10843;149,10843;149,10843;11,73;149,10843;149,10843;149,10843;149,10843;149,10843;149,10843;149,10843;149,10843;149,10843;149,10843;149,10843;149,10843;149,10843;149,10843;149,10843;149,10843;11,73;11,73;149,10843;149,10843;149,10843;11,73;149,10843;149,10843;149,10843
EMBORCACAO;1;484,2423025;484,2423025;484,2423;484,2423;484,2423;484,2423;484,2423;484,2423;484,2423;484,2423;484,2423;484,2423;484,2423;484,2423;484,2423;484,2423;484,2423;484,2423;484,2423;484,2423;484,2423;484,2423;484,2423;484,2423;484,2423;484,2423;484,2423;484,2423;484,2423;484,2423;484,2423;484,2423;484,2423;484,2423;484,2423;484,2423;484,2423;484,2423;484,2423;484,2423;484,2423;484,2423;484,2423;484,2423;484,2423;484,2423;484,2423;484,2423;484,2423;484,2423
ESPORA;1;24,12360108;24,12360108;24,123601;24,123601;24,123601;24,123601;24,123601;24,123601;24,123601;24,123601;24,123601;24,123601;24,123601;24,123601;24,123601;24,123601;24,123601;24,123601;24,123601;24,123601;24,123601;24,123601;24,123601;24,123601;24,123601;24,123601;24,123601;24,123601;24,123601;24,123601;24,123601;24,123601;24,123601;24,123601;24,123601;24,123601;24,123601;24,123601;24,123601;24,123601;24,123601;24,123601;24,123601;24,123601;24,123601;24,123601;24,123601;24,123601;24,123601;24,123601
ESTREITO GDE;1;540,5463256;540,5463256;540,54633;540,54633;540,54633;540,54633;540,54633;540,54633;540,54633;540,54633;540,54633;540,54633;540,54633;540,54633;540,54633;540,54633;279,09677;77,37;77,37;77,37;540,54633;540,54633;540,54633;540,54633;77,37;540,54633;540,54633;540,54633;540,54633;540,54633;540,54633;540,54633;540,54633;540,54633;540,54633;540,54633;540,54633;540,54633;540,54633;540,54633;540,54633;77,37;540,54633;540,54633;540,54633;77,37;77,37;77,37;540,54633;77,37
ESTREITO TOC;1;621,7534066;621,7534066;621,75341;621,75341;621,75341;621,75341;621,75341;621,75341;621,75341;621,75341;621,75341;621,75341;621,75341;621,75341;621,75341;621,75341;621,75341;621,75341;621,75341;621,75341;621,75341;621,75341;621,75341;621,75341;621,75341;621,75341;621,75341;621,75341;621,75341;621,75341;621,75341;621,75341;621,75341;621,75341;621,75341;621,75341;621,75341;621,75341;621,75341;621,75341;60,186041;6,1;6,1;621,75341;6,1;621,75341;6,1;621,75341;6,1;6,1
EUCLID CUNHA;1;57,75671373;57,75671373;57,756714;57,756714;57,756714;57,756714;57,756714;57,756714;57,756714;57,756714;57,756714;57,756714;57,756714;57,756714;57,756714;57,756714;57,756714;57,756714;57,756714;7,23;26,744266;57,756714;7,23;57,756714;7,23;57,756714;57,756714;57,756714;57,756714;57,756714;57,756714;57,756714;57,756714;57,756714;57,756714;57,756714;57,756714;57,756714;57,756714;57,756714;57,756714;57,756714;7,23;57,756714;57,756714;7,23;7,23;7,23;57,756714;7,23
FERREIRA GOM;1;139,7395718;139,7395718;139,73957;139,73957;139,73957;139,73957;139,73957;139,73957;139,73957;139,73957;139,73957;139,73957;139,73957;139,73957;139,73957;139,73957;139,73957;139,73957;139,73957;139,73957;139,73957;139,73957;139,73957;139,73957;139,73957;139,73957;139,73957;139,73957;139,73957;139,73957;139,73957;139,73957;139,73957;139,73957;139,73957;139,73957;139,73957;139,73957;139,73957;139,73957;139,73957;139,73957;139,73957;139,73957;139,73957;139,73957;139,73957;139,73957;139,73957;139,73957
FONTES;1;70,76318287;70,76318287;70,763183;70,763183;70,763183;70,763183;70,763183;70,763183;70,763183;70,763183;70,763183;70,763183;70,763183;70,763183;70,763183;70,763183;0,0;70,763183;70,763183;70,763183;0,0;70,763183;70,763183;70,763183;0,0;70,763183;70,763183;70,763183;70,763183;70,763183;70,763183;70,763183;70,763183;70,763183;70,763183;70,763183;70,763183;70,763183;70,763183;70,763183;70,763183;0,0;70,763183;0,0;70,763183;70,763183;0,0;70,763183;70,763183;0,0
FOZ CHAPECO;1;475,741419;475,741419;475,74142;475,74142;475,74142;475,74142;475,74142;475,74142;475,74142;475,74142;475,74142;475,74142;475,74142;475,74142;475,74142;475,74142;475,74142;475,74142;14,43;14,43;14,43;475,74142;14,43;14,43;14,43;475,74142;475,74142;475,74142;475,74142;475,74142;475,74142;475,74142;475,74142;475,74142;475,74142;475,74142;475,74142;475,74142;475,74142;475,74142;475,74142;14,43;14,43;475,74142;475,74142;14,43;14,43;475,74142;475,74142;14,43
FOZ R CLARO;1;45,32880015;45,32880015;45,3288;45,3288;45,3288;45,3288;45,3288;45,3288;45,3288;45,3288;45,3288;45,3288;45,3288;45,3288;45,3288;45,3288;45,3288;45,3288;45,3288;45,3288;45,3288;45,3288;45,3288;45,3288;45,3288;45,3288;45,3288;45,3288;45,3288;45,3288;45,3288;45,3288;45,3288;45,3288;45,3288;45,3288;45,3288;45,3288;45,3288;45,3288;45,3288;45,3288;45,3288;45,3288;45,3288;45,3288;45,3288;45,3288;45,3288;45,3288
FUNDAO;1;73,7182963;73,7182963;73,718296;73,718296;73,718296;73,718296;73,718296;73,718296;73,718296;73,718296;73,718296;73,718296;73,718296;73,718296;73,718296;73,718296;73,718296;73,718296;22,23;73,718296;22,23;73,718296;22,23;73,718296;22,23;22,23;73,718296;73,718296;73,718296;73,718296;73,718296;73,718296;73,718296;73,718296;73,718296;73,718296;73,718296;73,718296;73,718296;73,718296;73,718296;73,718296;73,718296;73,718296;73,718296;73,718296;22,23;22,23;73,718296;22,23
FUNIL GRANDE;1;93,91212963;93,91212963;93,91213;93,91213;93,91213;93,91213;93,91213;93,91213;93,91213;93,91213;93,91213;93,91213;93,91213;93,91213;93,91213;93,91213;93,91213;93,91213;93,91213;93,91213;93,91213;93,91213;93,91213;93,91213;93,91213;93,91213;93,91213;93,91213;93,91213;93,91213;93,91213;93,91213;93,91213;93,91213;93,91213;93,91213;93,91213;93,91213;93,91213;93,91213;93,91213;93,91213;93,91213;93,91213;93,91213;93,91213;93,91213;93,91213;93,91213;93,91213
FUNIL PB SUL;1;112,8481698;112,8481698;112,84817;112,84817;112,84817;112,84817;112,84817;112,84817;112,84817;112,84817;112,84817;112,84817;112,84817;112,84817;112,84817;112,84817;112,84817;112,84817;112,84817;112,84817;112,84817;112,84817;112,84817;112,84817;112,84817;112,84817;112,84817;112,84817;112,84817;112,84817;112,84817;112,84817;112,84817;112,84817;112,84817;112,84817;112,84817;112,84817;112,84817;112,84817;112,84817;112,84817;112,84817;112,84817;112,84817;112,84817;112,84817;112,84817;112,84817;112,84817
FURNAS;1;661,0951011;661,0951011;661,0951;661,0951;661,0951;661,0951;661,0951;661,0951;661,0951;661,0951;661,0951;661,0951;661,0951;661,0951;661,0951;661,0951;661,0951;661,0951;661,0951;661,0951;661,0951;661,0951;661,0951;661,0951;661,0951;661,0951;661,0951;661,0951;661,0951;661,0951;661,0951;661,0951;661,0951;661,0951;661,0951;661,0951;661,0951;661,0951;661,0951;661,0951;661,0951;661,0951;661,0951;661,0951;661,0951;661,0951;661,0951;661,0951;661,0951;661,0951
G. B. MUNHOZ;1;689,3767994;689,3767994;689,3768;689,3768;689,3768;689,3768;689,3768;689,3768;689,3768;689,3768;689,3768;689,3768;689,3768;689,3768;689,3768;689,3768;689,3768;689,3768;134,74061;689,3768;44,6;44,6;689,3768;546,18601;44,6;689,3768;689,3768;689,3768;689,3768;689,3768;689,3768;689,3768;689,3768;689,3768;689,3768;689,3768;689,3768;689,3768;689,3768;689,3768;689,3768;689,3768;689,3768;689,3768;689,3768;44,6;689,3768;689,3768;44,6;44,6
G. P. SOUZA;1;128,4060795;128,4060795;128,40608;128,40608;128,40608;128,40608;128,40608;128,40608;128,40608;128,40608;128,40608;128,40608;128,40608;128,40608;128,40608;128,40608;128,40608;128,40608;128,40608;128,40608;128,40608;128,40608;128,40608;128,40608;128,40608;128,40608;128,40608;128,40608;128,40608;128,40608;128,40608;128,40608;128,40608;128,40608;128,40608;128,40608;128,40608;128,40608;128,40608;128,40608;128,40608;128,40608;128,40608;128,40608;128,40608;128,40608;128,40608;128,40608;128,40608;128,40608
GARIBALDI;1;91,98400463;91,98400463;91,984005;91,984005;91,984005;91,984005;91,984005;91,984005;91,984005;91,984005;91,984005;91,984005;91,984005;91,984005;91,984005;91,984005;91,984005;91,984005;32,48;32,48;32,48;91,984005;91,984005;32,48;32,48;32,48;91,984005;91,984005;91,984005;91,984005;91,984005;91,984005;91,984005;91,984005;91,984005;91,984005;91,984005;91,984005;91,984005;91,984005;91,984005;32,48;91,984005;32,48;91,984005;91,984005;32,48;91,984005;91,984005;32,48
GUAPORE;1;42,60196682;42,60196682;42,601967;42,601967;42,601967;42,601967;42,601967;42,601967;42,601967;42,601967;42,601967;42,601967;42,601967;42,601967;42,601967;42,601967;42,601967;42,601967;42,601967;42,601967;42,601967;42,601967;42,601967;42,601967;42,601967;42,601967;42,601967;42,601967;42,601967;42,601967;42,601967;42,601967;42,601967;42,601967;42,601967;42,601967;42,601967;42,601967;42,601967;42,601967;42,601967;42,601967;42,601967;42,601967;42,601967;42,601967;42,601967;42,601967;42,601967;42,601967
GUARAPIRANGA;1;0,0;0,0;0,0;0,0;0,0;0,0;0,0;0,0;0,0;0,0;0,0;0,0;0,0;0,0;0,0;0,0;0,0;0,0;0,0;0,0;0,0;0,0;0,0;0,0;0,0;0,0;0,0;0,0;0,0;0,0;0,0;0,0;0,0;0,0;0,0;0,0;0,0;0,0;0,0;0,0;0,0;0,0;0,0;0,0;0,0;0,0;0,0;0,0;0,0;0,0
GUILMAN-AMOR;1;63,48210031;63,48210031;63,4821;63,4821;63,4821;63,4821;63,4821;63,4821;63,4821;63,4821;63,4821;63,4821;63,4821;63,4821;63,4821;63,4821;63,4821;63,4821;63,4821;9,43;9,43;63,4821;63,4821;63,4821;9,43;63,4821;63,4821;63,4821;63,4821;63,4821;63,4821;63,4821;63,4821;63,4821;63,4821;63,4821;63,4821;63,4821;63,4821;63,4821;63,4821;63,4821;63,4821;9,43;9,43;63,4821;63,4821;63,4821;9,43;9,43
HENRY BORDEN;1;134,5982816;134,5982816;134,59828;134,59828;134,59828;134,59828;134,59828;134,59828;134,59828;134,59828;134,59828;134,59828;134,59828;134,59828;134,59828;134,59828;134,59828;134,59828;134,59828;134,59828;134,59828;134,59828;134,59828;134,59828;134,59828;134,59828;134,59828;134,59828;134,59828;134,59828;134,59828;134,59828;134,59828;134,59828;134,59828;134,59828;134,59828;134,59828;134,59828;134,59828;134,59828;134,59828;134,59828;134,59828;134,59828;134,59828;134,59828;134,59828;134,59828;134,59828
IBITINGA;1;81,7974784;81,7974784;81,797478;81,797478;81,797478;81,797478;81,797478;81,797478;81,797478;81,797478;81,797478;81,797478;81,797478;81,797478;81,797478;81,797478;81,797478;81,797478;81,797478;81,797478;81,797478;81,797478;81,797478;81,797478;81,797478;81,797478;81,797478;81,797478;81,797478;81,797478;81,797478;81,797478;81,797478;81,797478;81,797478;81,797478;81,797478;81,797478;81,797478;81,797478;81,797478;81,797478;81,797478;81,797478;81,797478;81,797478;81,797478;81,797478;81,797478;81,797478
IGARAPAVA;1;144,9803904;144,9803904;144,98039;144,98039;144,98039;144,98039;144,98039;144,98039;144,98039;144,98039;144,98039;144,98039;144,98039;144,98039;144,98039;144,98039;35,49;144,98039;144,98039;35,49;144,98039;144,98039;144,98039;144,98039;35,49;144,98039;144,98039;144,98039;144,98039;144,98039;144,98039;144,98039;144,98039;144,98039;144,98039;144,98039;144,98039;144,98039;144,98039;144,98039;35,49;144,98039;35,49;144,98039;144,98039;144,98039;35,49;35,49;144,98039;144,98039
ILHA POMBOS;1;97,83171682;97,83171682;97,831717;97,831717;97,831717;97,831717;97,831717;97,831717;97,831717;97,831717;97,831717;97,831717;97,831717;97,831717;97,831717;97,831717;97,831717;97,831717;97,831717;97,831717;97,831717;97,831717;97,831717;97,831717;97,831717;97,831717;97,831717;97,831717;97,831717;97,831717;97,831717;97,831717;97,831717;97,831717;97,831717;97,831717;97,831717;97,831717;97,831717;97,831717;97,831717;97,831717;97,831717;97,831717;97,831717;97,831717;97,831717;97,831717;97,831717;97,831717
ILHA SOLT EQ;1;2224,224958;2224,224958;2224,225;2224,225;2224,225;2224,225;2224,225;2224,225;2224,225;2224,225;2224,225;2224,225;2224,225;2224,225;2224,225;2224,225;9,93;2224,225;9,93;2224,225;9,93;9,93;9,93;9,93;2224,225;9,93;2224,225;2224,225;2224,225;2224,225;2224,225;2224,225;2224,225;2224,225;2224,225;2224,225;2224,225;2224,225;2224,225;2224,225;2224,225;2224,225;9,93;132,11656;9,93;2224,225;2224,225;2224,225;285,8483;2224,225
IRAPE;1;188,079841;188,079841;188,07984;188,07984;188,07984;188,07984;188,07984;188,07984;188,07984;188,07984;188,07984;188,07984;188,07984;188,07984;188,07984;188,07984;188,07984;188,07984;188,07984;188,07984;188,07984;188,07984;188,07984;188,07984;188,07984;188,07984;188,07984;188,07984;188,07984;188,07984;188,07984;188,07984;188,07984;188,07984;188,07984;188,07984;188,07984;188,07984;188,07984;188,07984;188,07984;188,07984;188,07984;188,07984;188,07984;188,07984;188,07984;188,07984;188,07984;188,07984
ITA;1;824,9306227;824,9306227;824,93062;824,93062;824,93062;824,93062;824,93062;824,93062;824,93062;824,93062;824,93062;824,93062;824,93062;824,93062;824,93062;824,93062;824,93062;824,93062;824,93062;824,93062;824,93062;824,93062;824,93062;824,93062;824,93062;824,93062;824,93062;824,93062;824,93062;824,93062;824,93062;824,93062;824,93062;824,93062;824,93062;824,93062;824,93062;824,93062;824,93062;824,93062;824,93062;824,93062;824,93062;824,93062;824,93062;824,93062;824,93062;824,93062;824,93062;824,93062
ITAIPU;1;9767,003255;9767,003255;9767,0033;9767,0033;9767,0033;9767,0033;9767,0033;9767,0033;9767,0033;9767,0033;9767,0033;9767,0033;9767,0033;9767,0033;9767,0033;9767,0033;9767,0033;9767,0033;9767,0033;9767,0033;9767,0033;9767,0033;9767,0033;9767,0033;9767,0033;9767,0033;9767,0033;9767,0033;9767,0033;9767,0033;9767,0033;9767,0033;9767,0033;9767,0033;9767,0033;9767,0033;9767,0033;9767,0033;9767,0033;9767,0033;9767,0033;9767,0033;9767,0033;9767,0033;9767,0033;9767,0033;9767,0033;9767,0033;9767,0033;9767,0033
ITAPARICA;1;827,9100285;827,9100285;827,91003;827,91003;827,91003;827,91003;827,91003;827,91003;827,91003;827,91003;827,91003;827,91003;827,91003;827,91003;827,91003;827,91003;827,91003;827,91003;827,91003;827,91003;827,91003;827,91003;827,91003;827,91003;827,91003;827,91003;827,91003;827,91003;827,91003;827,91003;827,91003;827,91003;827,91003;827,91003;827,91003;827,91003;827,91003;827,91003;827,91003;827,91003;827,91003;827,91003;827,91003;827,91003;827,91003;827,91003;827,91003;827,91003;827,91003;827,91003
ITAPEBI;1;212,8099823;212,8099823;212,80998;212,80998;212,80998;212,80998;212,80998;212,80998;212,80998;212,80998;212,80998;212,80998;212,80998;212,80998;212,80998;212,80998;212,80998;212,80998;212,80998;212,80998;212,80998;212,80998;212,80998;212,80998;212,80998;212,80998;212,80998;212,80998;212,80998;212,80998;212,80998;212,80998;212,80998;212,80998;212,80998;212,80998;212,80998;212,80998;212,80998;212,80998;212,80998;212,80998;212,80998;212,80998;212,80998;212,80998;212,80998;212,80998;212,80998;212,80998
ITAUBA;1;199,835436;199,835436;199,83544;199,83544;199,83544;199,83544;199,83544;199,83544;199,83544;199,83544;199,83544;199,83544;199,83544;199,83544;199,83544;199,83544;199,83544;199,83544;199,83544;199,83544;199,83544;199,83544;199,83544;199,83544;199,83544;199,83544;199,83544;199,83544;199,83544;199,83544;199,83544;199,83544;199,83544;199,83544;199,83544;199,83544;199,83544;199,83544;199,83544;199,83544;199,83544;199,83544;199,83544;199,83544;199,83544;199,83544;199,83544;199,83544;199,83544;199,83544
ITIQUIRA 1;1;45,22603164;45,22603164;45,226032;45,226032;45,226032;45,226032;45,226032;45,226032;45,226032;45,226032;45,226032;45,226032;45,226032;45,226032;45,226032;45,226032;45,226032;45,226032;45,226032;45,226032;45,226032;45,226032;45,226032;45,226032;45,226032;45,226032;45,226032;45,226032;45,226032;45,226032;45,226032;45,226032;45,226032;45,226032;45,226032;45,226032;45,226032;45,226032;45,226032;45,226032;45,226032;45,226032;45,226032;45,226032;45,226032;45,226032;45,226032;45,226032;45,226032;45,226032
ITIQUIRA 2;1;69,32426775;69,32426775;69,324268;69,324268;69,324268;69,324268;69,324268;69,324268;69,324268;69,324268;69,324268;69,324268;69,324268;69,324268;69,324268;69,324268;40,43;40,43;69,324268;40,43;69,324268;40,43;69,324268;69,324268;40,43;69,324268;69,324268;69,324268;69,324268;69,324268;69,324268;69,324268;69,324268;69,324268;69,324268;69,324268;69,324268;69,324268;69,324268;69,324268;69,324268;69,324268;69,324268;40,43;69,324268;40,43;69,324268;69,324268;69,324268;40,43
ITUMBIARA;1;987,6991196;987,6991196;987,69912;987,69912;987,69912;987,69912;987,69912;987,69912;987,69912;987,69912;987,69912;987,69912;987,69912;987,69912;987,69912;987,69912;987,69912;987,69912;987,69912;987,69912;8,71;8,71;8,71;8,71;987,69912;987,69912;987,69912;987,69912;987,69912;987,69912;987,69912;987,69912;987,69912;987,69912;987,69912;987,69912;987,69912;987,69912;987,69912;987,69912;8,71;987,69912;987,69912;987,69912;987,69912;987,69912;8,71;987,69912;8,71;8,71
ITUTINGA;1;29,59143364;29,59143364;29,591434;29,591434;29,591434;29,591434;29,591434;29,591434;29,591434;29,591434;29,591434;29,591434;29,591434;29,591434;29,591434;29,591434;29,591434;29,591434;29,591434;29,591434;29,591434;29,591434;29,591434;29,591434;29,591434;9,57;29,591434;29,591434;29,591434;29,591434;29,591434;29,591434;29,591434;29,591434;29,591434;29,591434;29,591434;29,591434;29,591434;29,591434;9,57;29,591434;29,591434;29,591434;29,591434;29,591434;29,591434;9,57;29,591434;29,591434
JACUI;1;123,8532238;123,8532238;123,85322;123,85322;123,85322;123,85322;123,85322;123,85322;123,85322;123,85322;123,85322;123,85322;123,85322;123,85322;123,85322;123,85322;123,85322;123,85322;123,85322;123,85322;123,85322;123,85322;123,85322;123,85322;123,85322;123,85322;123,85322;123,85322;123,85322;123,85322;123,85322;123,85322;123,85322;123,85322;123,85322;123,85322;123,85322;123,85322;123,85322;123,85322;123,85322;123,85322;123,85322;123,85322;123,85322;123,85322;123,85322;123,85322;123,85322;123,85322
JAGUARA;1;353,4796296;353,4796296;353,47963;353,47963;353,47963;353,47963;353,47963;353,47963;353,47963;353,47963;353,47963;353,47963;353,47963;353,47963;353,47963;353,47963;353,47963;353,47963;2,03;2,03;2,03;2,03;353,47963;353,47963;353,47963;2,03;353,47963;353,47963;353,47963;353,47963;353,47963;353,47963;353,47963;353,47963;353,47963;353,47963;353,47963;353,47963;353,47963;353,47963;2,03;353,47963;353,47963;353,47963;2,03;2,03;353,47963;353,47963;353,47963;2,03
JAGUARI;1;14,77958719;14,77958719;14,779587;14,779587;14,779587;14,779587;14,779587;14,779587;14,779587;14,779587;14,779587;14,779587;14,779587;14,779587;14,779587;14,779587;14,779587;14,779587;14,779587;14,779587;14,779587;14,779587;14,779587;14,779587;14,779587;14,779587;14,779587;14,779587;14,779587;14,779587;14,779587;14,779587;14,779587;14,779587;14,779587;14,779587;14,779587;14,779587;14,779587;14,779587;14,779587;14,779587;14,779587;14,779587;14,779587;14,779587;14,779587;14,779587;14,779587;14,779587
JAURU;1;76,94526852;76,94526852;76,945269;76,945269;76,945269;76,945269;76,945269;76,945269;76,945269;76,945269;76,945269;76,945269;76,945269;76,945269;76,945269;76,945269;76,945269;76,945269;76,945269;76,945269;76,945269;76,945269;76,945269;76,945269;76,945269;76,945269;76,945269;76,945269;76,945269;76,945269;76,945269;76,945269;76,945269;76,945269;76,945269;76,945269;76,945269;76,945269;76,945269;76,945269;76,945269;76,945269;76,945269;76,945269;76,945269;76,945269;76,945269;76,945269;76,945269;76,945269
JUPIA;1;1088,716515;1088,716515;1088,7165;1088,7165;1088,7165;1088,7165;1088,7165;1088,7165;1088,7165;1088,7165;1088,7165;1088,7165;1088,7165;1088,7165;1088,7165;1088,7165;1088,7165;1088,7165;1088,7165;1088,7165;1088,7165;1088,7165;1088,7165;1088,7165;1088,7165;1088,7165;1088,7165;1088,7165;1088,7165;1088,7165;1088,7165;1088,7165;1088,7165;1088,7165;1088,7165;1088,7165;1088,7165;1088,7165;1088,7165;1088,7165;1088,7165;1088,7165;1088,7165;1088,7165;1088,7165;1088,7165;1088,7165;1088,7165;1088,7165;1088,7165
L. N. GARCEZ;1;58,31944136;58,31944136;58,319441;58,319441;58,319441;58,319441;58,319441;58,319441;58,319441;58,319441;58,319441;58,319441;58,319441;58,319441;58,319441;58,319441;58,319441;58,319441;58,319441;58,319441;58,319441;58,319441;58,319441;58,319441;58,319441;58,319441;58,319441;58,319441;58,319441;58,319441;58,319441;58,319441;58,319441;58,319441;58,319441;58,319441;58,319441;58,319441;58,319441;58,319441;58,319441;58,319441;58,319441;58,319441;58,319441;58,319441;58,319441;58,319441;58,319441;58,319441
LAJEADO;1;551,3590069;551,3590069;551,35901;551,35901;551,35901;551,35901;551,35901;551,35901;551,35901;551,35901;551,35901;551,35901;551,35901;551,35901;551,35901;551,35901;551,35901;551,35901;551,35901;551,35901;551,35901;551,35901;551,35901;551,35901;551,35901;551,35901;551,35901;551,35901;551,35901;551,35901;551,35901;551,35901;551,35901;551,35901;551,35901;551,35901;551,35901;551,35901;551,35901;551,35901;551,35901;551,35901;551,35901;551,35901;551,35901;551,35901;551,35901;551,35901;551,35901;551,35901
LAJES;1;0,0;0,0;0,0;0,0;0,0;0,0;0,0;0,0;0,0;0,0;0,0;0,0;0,0;0,0;0,0;0,0;0,0;0,0;0,0;0,0;0,0;0,0;0,0;0,0;0,0;0,0;0,0;0,0;0,0;0,0;0,0;0,0;0,0;0,0;0,0;0,0;0,0;0,0;0,0;0,0;0,0;0,0;0,0;0,0;0,0;0,0;0,0;0,0;0,0;0,0
MACHADINHO;1;603,1398827;603,1398827;603,13988;603,13988;603,13988;603,13988;603,13988;603,13988;603,13988;603,13988;603,13988;603,13988;603,13988;603,13988;603,13988;603,13988;603,13988;603,13988;603,13988;603,13988;603,13988;603,13988;17,94;17,94;17,94;603,13988;603,13988;603,13988;603,13988;603,13988;603,13988;603,13988;603,13988;603,13988;603,13988;603,13988;603,13988;603,13988;603,13988;603,13988;17,94;274,15249;603,13988;17,94;603,13988;603,13988;17,94;17,94;603,13988;603,13988
MANSO;1;81,77839429;81,77839429;81,778394;81,778394;81,778394;81,778394;81,778394;81,778394;81,778394;81,778394;81,778394;81,778394;81,778394;81,778394;81,778394;81,778394;81,778394;81,778394;81,778394;81,778394;81,778394;81,778394;81,778394;81,778394;81,778394;81,778394;81,778394;81,778394;81,778394;81,778394;81,778394;81,778394;81,778394;81,778394;81,778394;81,778394;81,778394;81,778394;81,778394;81,778394;81,778394;81,778394;81,778394;81,778394;81,778394;81,778394;81,778394;81,778394;81,778394;81,778394
MARIMBONDO;1;803,2037847;803,2037847;803,20378;803,20378;803,20378;803,20378;803,20378;803,20378;803,20378;803,20378;803,20378;803,20378;803,20378;803,20378;803,20378;803,20378;803,20378;803,20378;803,20378;803,20378;803,20378;803,20378;803,20378;803,20378;803,20378;803,20378;803,20378;803,20378;803,20378;803,20378;803,20378;803,20378;803,20378;803,20378;803,20378;803,20378;803,20378;803,20378;803,20378;803,20378;803,20378;803,20378;803,20378;803,20378;803,20378;803,20378;803,20378;803,20378;803,20378;803,20378
MASC. MORAES;1;311,1840239;311,1840239;311,18402;311,18402;311,18402;311,18402;311,18402;311,18402;311,18402;311,18402;311,18402;311,18402;311,18402;311,18402;311,18402;311,18402;311,18402;311,18402;311,18402;311,18402;311,18402;311,18402;311,18402;311,18402;311,18402;311,18402;311,18402;311,18402;311,18402;311,18402;311,18402;311,18402;311,18402;311,18402;311,18402;311,18402;311,18402;311,18402;311,18402;311,18402;311,18402;311,18402;311,18402;311,18402;311,18402;311,18402;311,18402;311,18402;311,18402;311,18402
MASCARENHAS;1;131,4457824;131,4457824;131,44578;131,44578;131,44578;131,44578;131,44578;131,44578;131,44578;131,44578;131,44578;131,44578;131,44578;131,44578;131,44578;131,44578;131,44578;3,73;131,44578;131,44578;131,44578;131,44578;131,44578;131,44578;3,73;131,44578;131,44578;131,44578;131,44578;131,44578;131,44578;131,44578;131,44578;131,44578;131,44578;131,44578;131,44578;131,44578;131,44578;131,44578;131,44578;131,44578;131,44578;131,44578;3,73;3,73;131,44578;131,44578;131,44578;3,73
MAUA;1;219,934669;219,934669;219,93467;219,93467;219,93467;219,93467;219,93467;219,93467;219,93467;219,93467;219,93467;219,93467;219,93467;219,93467;219,93467;219,93467;219,93467;219,93467;23,22;219,93467;23,22;219,93467;219,93467;23,22;219,93467;23,22;219,93467;219,93467;219,93467;219,93467;219,93467;219,93467;219,93467;219,93467;219,93467;219,93467;219,93467;219,93467;219,93467;219,93467;219,93467;23,22;23,22;219,93467;219,93467;219,93467;219,93467;23,22;23,22;219,93467
MIRANDA;1;199,637439;199,637439;199,63744;199,63744;199,63744;199,63744;199,63744;199,63744;199,63744;199,63744;199,63744;199,63744;199,63744;199,63744;199,63744;199,63744;199,63744;1,01;1,01;1,01;199,63744;199,63744;199,63744;1,01;199,63744;1,01;199,63744;199,63744;199,63744;199,63744;199,63744;199,63744;199,63744;199,63744;199,63744;199,63744;199,63744;199,63744;199,63744;199,63744;199,63744;1,01;199,63744;199,63744;1,01;199,63744;1,01;199,63744;1,01;1,01
MONJOLINHO;1;45,01565201;45,01565201;45,015652;45,015652;45,015652;45,015652;45,015652;45,015652;45,015652;45,015652;45,015652;45,015652;45,015652;45,015652;45,015652;45,015652;45,015652;45,015652;45,015652;45,015652;45,015652;45,015652;45,015652;45,015652;45,015652;45,015652;45,015652;45,015652;45,015652;45,015652;45,015652;45,015652;45,015652;45,015652;45,015652;45,015652;45,015652;45,015652;45,015652;45,015652;45,015652;45,015652;45,015652;45,015652;45,015652;45,015652;45,015652;45,015652;45,015652;45,015652
MONTE CLARO;1;68,71008333;68,71008333;68,710083;68,710083;68,710083;68,710083;68,710083;68,710083;68,710083;68,710083;68,710083;68,710083;68,710083;68,710083;68,710083;68,710083;68,710083;14,23;14,23;14,23;14,23;68,710083;14,23;68,710083;68,710083;68,710083;68,710083;68,710083;68,710083;68,710083;68,710083;68,710083;68,710083;68,710083;68,710083;68,710083;68,710083;68,710083;68,710083;68,710083;14,23;68,710083;68,710083;14,23;68,710083;14,23;68,710083;68,710083;14,23;68,710083
N.AVANHANDAV;1;169,4164306;169,4164306;169,41643;169,41643;169,41643;169,41643;169,41643;169,41643;169,41643;169,41643;169,41643;169,41643;169,41643;169,41643;169,41643;169,41643;169,41643;169,41643;169,41643;169,41643;169,41643;169,41643;169,41643;169,41643;169,41643;169,41643;169,41643;169,41643;169,41643;169,41643;169,41643;169,41643;169,41643;169,41643;169,41643;169,41643;169,41643;169,41643;169,41643;169,41643;169,41643;169,41643;169,41643;169,41643;169,41643;169,41643;169,41643;169,41643;169,41643;169,41643
NILO PECANHA;1;339,5467068;339,5467068;339,54671;339,54671;339,54671;339,54671;339,54671;339,54671;339,54671;339,54671;339,54671;339,54671;339,54671;339,54671;339,54671;339,54671;339,54671;339,54671;339,54671;339,54671;339,54671;339,54671;339,54671;339,54671;339,54671;339,54671;339,54671;339,54671;339,54671;339,54671;339,54671;339,54671;339,54671;339,54671;339,54671;339,54671;339,54671;339,54671;339,54671;339,54671;339,54671;339,54671;339,54671;339,54671;339,54671;339,54671;339,54671;339,54671;339,54671;339,54671
NOVA PONTE;1;273,1142083;273,1142083;273,11421;273,11421;273,11421;273,11421;273,11421;273,11421;273,11421;273,11421;273,11421;273,11421;273,11421;273,11421;273,11421;273,11421;273,11421;273,11421;273,11421;273,11421;273,11421;273,11421;273,11421;273,11421;273,11421;273,11421;273,11421;273,11421;273,11421;273,11421;273,11421;273,11421;273,11421;273,11421;273,11421;273,11421;273,11421;273,11421;273,11421;273,11421;273,11421;273,11421;273,11421;273,11421;273,11421;273,11421;273,11421;273,11421;273,11421;273,11421
OURINHOS;1;29,65459414;29,65459414;29,654594;29,654594;29,654594;29,654594;29,654594;29,654594;29,654594;29,654594;29,654594;29,654594;29,654594;29,654594;29,654594;29,654594;29,654594;29,654594;29,654594;29,654594;29,654594;29,654594;29,654594;29,654594;29,654594;29,654594;29,654594;29,654594;29,654594;29,654594;29,654594;29,654594;29,654594;29,654594;29,654594;29,654594;29,654594;29,654594;29,654594;29,654594;29,654594;29,654594;29,654594;29,654594;29,654594;29,654594;29,654594;29,654594;29,654594;29,654594
P. CAVALO;1;64,37378549;64,37378549;64,373785;64,373785;64,373785;64,373785;64,373785;64,373785;64,373785;64,373785;64,373785;64,373785;64,373785;64,373785;64,373785;64,373785;64,373785;39,28;64,373785;39,28;64,373785;64,373785;64,373785;64,373785;39,28;39,28;64,373785;64,373785;64,373785;64,373785;64,373785;64,373785;64,373785;64,373785;64,373785;64,373785;64,373785;64,373785;64,373785;64,373785;64,373785;39,28;64,373785;39,28;39,28;64,373785;39,28;39,28;64,373785;64,373785
P. COLOMBIA;1;202,6471049;202,6471049;202,6471;202,6471;202,6471;202,6471;202,6471;202,6471;202,6471;202,6471;202,6471;202,6471;202,6471;202,6471;202,6471;202,6471;202,6471;202,6471;202,6471;202,6471;202,6471;202,6471;202,6471;202,6471;202,6471;202,6471;202,6471;202,6471;202,6471;202,6471;202,6471;202,6471;202,6471;202,6471;202,6471;202,6471;202,6471;202,6471;202,6471;202,6471;202,6471;202,6471;202,6471;202,6471;202,6471;202,6471;202,6471;202,6471;202,6471;202,6471
P. ESTRELA;1;59,44605787;59,44605787;59,446058;59,446058;59,446058;59,446058;59,446058;59,446058;59,446058;59,446058;59,446058;59,446058;59,446058;59,446058;59,446058;59,446058;59,446058;59,446058;59,446058;59,446058;59,446058;59,446058;59,446058;59,446058;59,446058;59,446058;59,446058;59,446058;59,446058;59,446058;59,446058;59,446058;59,446058;59,446058;59,446058;59,446058;59,446058;59,446058;59,446058;59,446058;59,446058;59,446058;59,446058;59,446058;59,446058;59,446058;59,446058;59,446058;59,446058;59,446058
P. PASSOS;1;49,4456142;49,4456142;49,445614;49,445614;49,445614;49,445614;49,445614;49,445614;49,445614;49,445614;49,445614;49,445614;49,445614;49,445614;49,445614;49,445614;49,445614;49,445614;49,445614;49,445614;49,445614;49,445614;49,445614;49,445614;49,445614;49,445614;49,445614;49,445614;49,445614;49,445614;49,445614;49,445614;49,445614;49,445614;49,445614;49,445614;49,445614;49,445614;49,445614;49,445614;49,445614;49,445614;49,445614;49,445614;49,445614;49,445614;49,445614;49,445614;49,445614;49,445614
P. PRIMAVERA;1;1073,408302;1073,408302;1073,4083;1073,4083;1073,4083;1073,4083;1073,4083;1073,4083;1073,4083;1073,4083;1073,4083;1073,4083;1073,4083;1073,4083;1073,4083;1073,4083;1073,4083;1073,4083;1073,4083;1073,4083;1073,4083;9,28;1073,4083;1073,4083;9,28;9,28;1073,4083;1073,4083;1073,4083;1073,4083;1073,4083;1073,4083;1073,4083;1073,4083;1073,4083;1073,4083;1073,4083;1073,4083;1073,4083;1073,4083;1073,4083;1073,4083;9,28;1073,4083;1073,4083;9,28;1073,4083;9,28;1073,4083;1073,4083
PARAIBUNA/PA;1;48,86138735;48,86138735;48,861387;48,861387;48,861387;48,861387;48,861387;48,861387;48,861387;48,861387;48,861387;48,861387;48,861387;48,861387;48,861387;48,861387;2,16;48,861387;2,16;2,16;48,861387;48,861387;48,861387;48,861387;2,16;48,861387;48,861387;48,861387;48,861387;48,861387;48,861387;48,861387;48,861387;48,861387;48,861387;48,861387;48,861387;48,861387;48,861387;48,861387;2,16;2,16;48,861387;48,861387;48,861387;2,16;48,861387;48,861387;48,861387;48,861387
PASSO FUNDO;1;113,8328063;113,8328063;113,83281;113,83281;113,83281;113,83281;113,83281;113,83281;113,83281;113,83281;113,83281;113,83281;113,83281;113,83281;113,83281;113,83281;113,83281;113,83281;113,83281;113,83281;113,83281;113,83281;113,83281;113,83281;113,83281;113,83281;113,83281;113,83281;113,83281;113,83281;113,83281;113,83281;113,83281;113,83281;113,83281;113,83281;113,83281;113,83281;113,83281;113,83281;113,83281;113,83281;113,83281;113,83281;113,83281;113,83281;113,83281;113,83281;113,83281;113,83281
PASSO REAL;1;75,97315818;75,97315818;75,973158;75,973158;75,973158;75,973158;75,973158;75,973158;75,973158;75,973158;75,973158;75,973158;75,973158;75,973158;75,973158;75,973158;0,0;0,0;0,0;0,0;75,973158;0,0;75,973158;75,973158;0,0;0,0;75,973158;75,973158;75,973158;75,973158;75,973158;75,973158;75,973158;75,973158;75,973158;75,973158;75,973158;75,973158;75,973158;75,973158;75,973158;75,973158;75,973158;0,0;0,0;75,973158;0,0;75,973158;0,0;0,0
PASSO S JOAO;1;43,10663426;43,10663426;43,106634;43,106634;43,106634;43,106634;43,106634;43,106634;43,106634;43,106634;43,106634;43,106634;43,106634;43,106634;43,106634;43,106634;43,106634;43,106634;43,106634;43,106634;43,106634;43,106634;43,106634;43,106634;43,106634;43,106634;43,106634;43,106634;43,106634;43,106634;43,106634;43,106634;43,106634;43,106634;43,106634;43,106634;43,106634;43,106634;43,106634;43,106634;43,106634;43,106634;43,106634;43,106634;43,106634;43,106634;43,106634;43,106634;43,106634;43,106634
PEIXE ANGICA;1;316,8678835;316,8678835;316,86788;316,86788;316,86788;316,86788;316,86788;316,86788;316,86788;316,86788;316,86788;316,86788;316,86788;316,86788;316,86788;316,86788;316,86788;316,86788;316,86788;316,86788;316,86788;316,86788;316,86788;316,86788;316,86788;316,86788;316,86788;316,86788;316,86788;316,86788;316,86788;316,86788;316,86788;316,86788;316,86788;316,86788;316,86788;316,86788;316,86788;316,86788;316,86788;316,86788;316,86788;316,86788;316,86788;316,86788;316,86788;316,86788;316,86788;316,86788
PICADA;1;33,11960185;33,11960185;33,119602;33,119602;33,119602;33,119602;33,119602;33,119602;33,119602;33,119602;33,119602;33,119602;33,119602;33,119602;33,119602;33,119602;33,119602;33,119602;33,119602;33,119602;33,119602;33,119602;33,119602;33,119602;33,119602;33,119602;33,119602;33,119602;33,119602;33,119602;33,119602;33,119602;33,119602;33,119602;33,119602;33,119602;33,119602;33,119602;33,119602;33,119602;33,119602;33,119602;33,119602;33,119602;33,119602;33,119602;33,119602;33,119602;33,119602;33,119602
PIRAJU;1;48,23402315;48,23402315;48,234023;48,234023;48,234023;48,234023;48,234023;48,234023;48,234023;48,234023;48,234023;48,234023;48,234023;48,234023;48,234023;48,234023;48,234023;48,234023;48,234023;48,234023;36,83;48,234023;36,83;48,234023;48,234023;48,234023;48,234023;48,234023;48,234023;48,234023;48,234023;48,234023;48,234023;48,234023;48,234023;48,234023;48,234023;48,234023;48,234023;48,234023;48,234023;48,234023;48,234023;48,234023;48,234023;36,83;36,83;36,83;36,83;48,234023
PONTE PEDRA;1;135,5478881;135,5478881;135,54789;135,54789;135,54789;135,54789;135,54789;135,54789;135,54789;135,54789;135,54789;135,54789;135,54789;135,54789;135,54789;135,54789;135,54789;135,54789;135,54789;135,54789;135,54789;135,54789;135,54789;135,54789;135,54789;135,54789;135,54789;135,54789;135,54789;135,54789;135,54789;135,54789;135,54789;135,54789;135,54789;135,54789;135,54789;135,54789;135,54789;135,54789;135,54789;135,54789;135,54789;135,54789;135,54789;135,54789;135,54789;135,54789;135,54789;135,54789
PROMISSAO;1;126,3758688;126,3758688;126,37587;126,37587;126,37587;126,37587;126,37587;126,37587;126,37587;126,37587;126,37587;126,37587;126,37587;126,37587;126,37587;126,37587;126,37587;126,37587;126,37587;126,37587;126,37587;126,37587;126,37587;126,37587;126,37587;126,37587;126,37587;126,37587;126,37587;126,37587;126,37587;126,37587;126,37587;126,37587;126,37587;126,37587;126,37587;126,37587;126,37587;126,37587;126,37587;126,37587;126,37587;126,37587;126,37587;126,37587;126,37587;126,37587;126,37587;126,37587
QUEBRA QUEIX;1;69,28247917;69,28247917;69,282479;69,282479;69,282479;69,282479;69,282479;69,282479;69,282479;69,282479;69,282479;69,282479;69,282479;69,282479;69,282479;69,282479;69,282479;69,282479;69,282479;69,282479;69,282479;69,282479;69,282479;69,282479;69,282479;69,282479;69,282479;69,282479;69,282479;69,282479;69,282479;69,282479;69,282479;69,282479;69,282479;69,282479;69,282479;69,282479;69,282479;69,282479;69,282479;69,282479;69,282479;69,282479;69,282479;69,282479;69,282479;69,282479;69,282479;69,282479
QUEIMADO;1;68,31217052;68,31217052;68,312171;68,312171;68,312171;68,312171;68,312171;68,312171;68,312171;68,312171;68,312171;68,312171;68,312171;68,312171;68,312171;68,312171;68,312171;52,588946;0,83;0,83;68,312171;0,83;0,83;0,83;68,312171;68,312171;68,312171;68,312171;68,312171;68,312171;68,312171;68,312171;68,312171;68,312171;68,312171;68,312171;68,312171;68,312171;68,312171;68,312171;0,83;68,312171;68,312171;68,312171;68,312171;68,312171;68,312171;0,83;68,312171;68,312171
RETIRO BAIXO;1;38,70280247;38,70280247;38,702802;38,702802;38,702802;38,702802;38,702802;38,702802;38,702802;38,702802;38,702802;38,702802;38,702802;38,702802;38,702802;38,702802;13,15;38,702802;38,702802;38,702802;13,15;38,702802;38,702802;13,15;13,15;38,702802;38,702802;38,702802;38,702802;38,702802;38,702802;38,702802;38,702802;38,702802;38,702802;38,702802;38,702802;38,702802;38,702802;38,702802;38,702802;38,702802;13,15;13,15;38,702802;13,15;38,702802;38,702802;13,15;38,702802
RONDON 2;1;39,70114506;39,70114506;39,701145;39,701145;39,701145;39,701145;39,701145;39,701145;39,701145;39,701145;39,701145;39,701145;39,701145;39,701145;39,701145;39,701145;39,701145;39,701145;1,18;1,18;39,701145;39,701145;39,701145;1,18;1,18;39,701145;39,701145;39,701145;39,701145;39,701145;39,701145;39,701145;39,701145;39,701145;39,701145;39,701145;39,701145;39,701145;39,701145;39,701145;39,701145;1,18;39,701145;39,701145;39,701145;39,701145;39,701145;39,701145;1,18;1,18
ROSAL;1;36,68186343;36,68186343;36,681863;36,681863;36,681863;36,681863;36,681863;36,681863;36,681863;36,681863;36,681863;36,681863;36,681863;36,681863;36,681863;36,681863;36,681863;36,681863;36,681863;36,681863;36,681863;36,681863;36,681863;36,681863;36,681863;36,681863;36,681863;36,681863;36,681863;36,681863;36,681863;36,681863;36,681863;36,681863;36,681863;36,681863;36,681863;36,681863;36,681863;36,681863;36,681863;36,681863;36,681863;36,681863;36,681863;36,681863;36,681863;36,681863;36,681863;36,681863
ROSANA;1;224,2956644;224,2956644;224,29566;224,29566;224,29566;224,29566;224,29566;224,29566;224,29566;224,29566;224,29566;224,29566;224,29566;224,29566;224,29566;224,29566;224,29566;224,29566;224,29566;224,29566;224,29566;224,29566;224,29566;224,29566;224,29566;224,29566;224,29566;224,29566;224,29566;224,29566;224,29566;224,29566;224,29566;224,29566;224,29566;224,29566;224,29566;224,29566;224,29566;224,29566;224,29566;224,29566;224,29566;224,29566;224,29566;224,29566;224,29566;224,29566;224,29566;224,29566
S.BRANCA PAR;1;28,54100463;28,54100463;28,541005;28,541005;28,541005;28,541005;28,541005;28,541005;28,541005;28,541005;28,541005;28,541005;28,541005;28,541005;28,541005;28,541005;28,541005;10,47;10,47;28,541005;10,47;28,541005;10,47;28,541005;10,47;28,541005;28,541005;28,541005;28,541005;28,541005;28,541005;28,541005;28,541005;28,541005;28,541005;28,541005;28,541005;28,541005;28,541005;28,541005;28,541005;10,47;28,541005;28,541005;28,541005;28,541005;10,47;28,541005;28,541005;28,541005
SA CARVALHO;1;53,51077238;53,51077238;53,510772;53,510772;53,510772;53,510772;53,510772;53,510772;53,510772;53,510772;53,510772;53,510772;53,510772;53,510772;53,510772;53,510772;53,510772;36,82;53,510772;36,82;36,82;53,510772;53,510772;53,510772;36,82;53,510772;53,510772;53,510772;53,510772;53,510772;53,510772;53,510772;53,510772;53,510772;53,510772;53,510772;53,510772;53,510772;53,510772;53,510772;53,510772;36,82;53,510772;36,82;53,510772;53,510772;53,510772;53,510772;36,82;53,510772
SALTO;1;77,04839198;77,04839198;77,048392;77,048392;77,048392;77,048392;77,048392;77,048392;77,048392;77,048392;77,048392;77,048392;77,048392;77,048392;77,048392;77,048392;77,048392;77,048392;77,048392;77,048392;77,048392;77,048392;77,048392;77,048392;77,048392;77,048392;77,048392;77,048392;77,048392;77,048392;77,048392;77,048392;77,048392;77,048392;77,048392;77,048392;77,048392;77,048392;77,048392;77,048392;77,048392;77,048392;77,048392;77,048392;77,048392;77,048392;77,048392;77,048392;77,048392;77,048392
SALTO CAXIAS;1;717,5536512;717,5536512;717,55365;717,55365;717,55365;717,55365;717,55365;717,55365;717,55365;717,55365;717,55365;717,55365;717,55365;717,55365;717,55365;717,55365;717,55365;717,55365;11,53;11,53;717,55365;717,55365;364,36902;11,53;11,53;717,55365;717,55365;717,55365;717,55365;717,55365;717,55365;717,55365;717,55365;717,55365;717,55365;717,55365;717,55365;717,55365;717,55365;717,55365;717,55365;717,55365;717,55365;11,53;717,55365;11,53;11,53;717,55365;717,55365;11,53
SALTO GRANDE;1;76,10219059;76,10219059;76,102191;76,102191;76,102191;76,102191;76,102191;76,102191;76,102191;76,102191;76,102191;76,102191;76,102191;76,102191;76,102191;76,102191;76,102191;74,25;76,102191;74,25;76,102191;76,102191;74,25;74,25;74,25;74,25;76,102191;76,102191;76,102191;76,102191;76,102191;76,102191;76,102191;76,102191;76,102191;76,102191;76,102191;76,102191;76,102191;76,102191;74,25;74,25;76,102191;74,25;76,102191;76,102191;76,102191;76,102191;76,102191;74,25
SALTO OSORIO;1;603,323152;603,323152;603,32315;603,32315;603,32315;603,32315;603,32315;603,32315;603,32315;603,32315;603,32315;603,32315;603,32315;603,32315;603,32315;603,32315;603,32315;4,24;603,32315;603,32315;603,32315;603,32315;603,32315;603,32315;603,32315;603,32315;603,32315;603,32315;603,32315;603,32315;603,32315;603,32315;603,32315;603,32315;603,32315;603,32315;603,32315;603,32315;603,32315;603,32315;603,32315;4,24;4,24;603,32315;603,32315;4,24;603,32315;603,32315;4,24;4,24
SALTO PILAO;1;135,6105401;135,6105401;135,61054;135,61054;135,61054;135,61054;135,61054;135,61054;135,61054;135,61054;135,61054;135,61054;135,61054;135,61054;135,61054;135,61054;135,61054;135,61054;2,65;2,65;2,65;135,61054;2,65;2,65;135,61054;135,61054;135,61054;135,61054;135,61054;135,61054;135,61054;135,61054;135,61054;135,61054;135,61054;135,61054;135,61054;135,61054;135,61054;135,61054;135,61054;2,65;135,61054;2,65;135,61054;135,61054;135,61054;2,65;135,61054;135,61054
SAMUEL;1;88,76197531;88,76197531;88,761975;88,761975;88,761975;88,761975;88,761975;88,761975;88,761975;88,761975;88,761975;88,761975;88,761975;88,761975;88,761975;88,761975;88,761975;88,761975;88,761975;88,761975;88,761975;88,761975;88,761975;88,761975;88,761975;88,761975;88,761975;88,761975;88,761975;88,761975;88,761975;88,761975;88,761975;88,761975;88,761975;88,761975;88,761975;88,761975;88,761975;88,761975;88,761975;88,761975;88,761975;88,761975;88,761975;88,761975;88,761975;88,761975;88,761975;88,761975
SAO JOSE;1;33,40808333;33,40808333;33,408083;33,408083;33,408083;33,408083;33,408083;33,408083;33,408083;33,408083;33,408083;33,408083;33,408083;33,408083;33,408083;33,408083;33,408083;33,408083;33,408083;33,408083;33,408083;33,408083;33,408083;33,408083;33,408083;33,408083;33,408083;33,408083;33,408083;33,408083;33,408083;33,408083;33,408083;33,408083;33,408083;33,408083;33,408083;33,408083;33,408083;33,408083;33,408083;33,408083;33,408083;33,408083;33,408083;33,408083;33,408083;33,408083;33,408083;33,408083
SAO SALVADOR;1;161,4929606;161,4929606;161,49296;161,49296;161,49296;161,49296;161,49296;161,49296;161,49296;161,49296;161,49296;161,49296;161,49296;161,49296;161,49296;161,49296;161,49296;161,49296;161,49296;161,49296;161,49296;161,49296;161,49296;161,49296;161,49296;161,49296;161,49296;161,49296;161,49296;161,49296;161,49296;161,49296;161,49296;161,49296;161,49296;161,49296;161,49296;161,49296;161,49296;161,49296;161,49296;161,49296;161,49296;161,49296;161,49296;161,49296;161,49296;161,49296;161,49296;161,49296
SAO SIMAO;1;1311,229027;1311,229027;1311,229;1311,229;1311,229;1311,229;1311,229;1311,229;1311,229;1311,229;1311,229;1311,229;1311,229;1311,229;1311,229;1311,229;99,03;99,03;99,03;99,03;1311,229;1311,229;1311,229;1311,229;99,03;99,03;1311,229;1311,229;1311,229;1311,229;1311,229;1311,229;1311,229;1311,229;1311,229;1311,229;1311,229;1311,229;1311,229;1311,229;99,03;1311,229;99,03;1311,229;1311,229;99,03;1311,229;1311,229;99,03;99,03
SEGREDO;1;698,7408819;698,7408819;698,74088;698,74088;698,74088;698,74088;698,74088;698,74088;698,74088;698,74088;698,74088;698,74088;698,74088;698,74088;698,74088;698,74088;698,74088;2,23;698,74088;2,23;698,74088;698,74088;2,23;698,74088;2,23;698,74088;698,74088;698,74088;698,74088;698,74088;698,74088;698,74088;698,74088;698,74088;698,74088;698,74088;698,74088;698,74088;698,74088;698,74088;698,74088;698,74088;698,74088;2,23;698,74088;66,565371;67,493923;16,965792;698,74088;698,74088
SERRA FACAO;1;101,8894931;101,8894931;101,88949;101,88949;101,88949;101,88949;101,88949;101,88949;101,88949;101,88949;101,88949;101,88949;101,88949;101,88949;101,88949;101,88949;101,88949;101,88949;101,88949;101,88949;101,88949;101,88949;101,88949;101,88949;101,88949;101,88949;101,88949;101,88949;101,88949;101,88949;101,88949;101,88949;101,88949;101,88949;101,88949;101,88949;101,88949;101,88949;101,88949;101,88949;101,88949;101,88949;101,88949;101,88949;101,88949;101,88949;101,88949;101,88949;101,88949;101,88949
SERRA MESA;1;699,4374722;699,4374722;699,43747;699,43747;699,43747;699,43747;699,43747;699,43747;699,43747;699,43747;699,43747;699,43747;699,43747;699,43747;699,43747;699,43747;699,43747;699,43747;699,43747;699,43747;699,43747;699,43747;699,43747;699,43747;699,43747;699,43747;699,43747;699,43747;699,43747;699,43747;699,43747;699,43747;699,43747;699,43747;699,43747;699,43747;699,43747;699,43747;699,43747;699,43747;699,43747;699,43747;699,43747;699,43747;699,43747;699,43747;699,43747;699,43747;699,43747;699,43747
SIMPLICIO;1;178,3586474;178,3586474;178,35865;178,35865;178,35865;178,35865;178,35865;178,35865;178,35865;178,35865;178,35865;178,35865;178,35865;178,35865;178,35865;178,35865;32,58;178,35865;32,58;32,58;178,35865;178,35865;178,35865;32,58;32,58;178,35865;178,35865;178,35865;178,35865;178,35865;178,35865;178,35865;178,35865;178,35865;178,35865;178,35865;178,35865;178,35865;178,35865;178,35865;178,35865;178,35865;178,35865;32,58;32,58;32,58;32,58;32,58;178,35865;178,35865
SLT VERDINHO;1;66,4072662;66,4072662;66,407266;66,407266;66,407266;66,407266;66,407266;66,407266;66,407266;66,407266;66,407266;66,407266;66,407266;66,407266;66,407266;66,407266;66,407266;66,407266;66,407266;66,407266;66,407266;66,407266;66,407266;66,407266;66,407266;66,407266;66,407266;66,407266;66,407266;66,407266;66,407266;66,407266;66,407266;66,407266;66,407266;66,407266;66,407266;66,407266;66,407266;66,407266;66,407266;66,407266;66,407266;66,407266;66,407266;66,407266;66,407266;66,407266;66,407266;66,407266
SLT.SANTIAGO;1;851,5794977;851,5794977;851,5795;851,5795;851,5795;851,5795;851,5795;851,5795;851,5795;851,5795;851,5795;851,5795;851,5795;851,5795;851,5795;851,5795;851,5795;851,5795;851,5795;851,5795;851,5795;851,5795;851,5795;851,5795;851,5795;851,5795;851,5795;851,5795;851,5795;851,5795;851,5795;851,5795;851,5795;851,5795;851,5795;851,5795;851,5795;851,5795;851,5795;851,5795;851,5795;851,5795;851,5795;851,5795;851,5795;851,5795;851,5795;851,5795;851,5795;851,5795
SOBRADINHO;1;462,4982546;462,4982546;462,49825;462,49825;462,49825;462,49825;462,49825;462,49825;462,49825;462,49825;462,49825;462,49825;462,49825;462,49825;462,49825;462,49825;462,49825;462,49825;462,49825;462,49825;462,49825;462,49825;462,49825;462,49825;462,49825;462,49825;462,49825;462,49825;462,49825;462,49825;462,49825;462,49825;462,49825;462,49825;462,49825;462,49825;462,49825;462,49825;462,49825;462,49825;462,49825;462,49825;462,49825;462,49825;462,49825;462,49825;462,49825;462,49825;462,49825;462,49825
SOBRAGI;1;40,51165818;40,51165818;40,511658;40,511658;40,511658;40,511658;40,511658;40,511658;40,511658;40,511658;40,511658;40,511658;40,511658;40,511658;40,511658;40,511658;40,511658;1,57;40,511658;40,511658;40,511658;1,57;1,57;40,511658;40,511658;1,57;40,511658;40,511658;40,511658;40,511658;40,511658;40,511658;40,511658;40,511658;40,511658;40,511658;40,511658;40,511658;40,511658;40,511658;40,511658;1,57;1,57;40,511658;40,511658;1,57;40,511658;40,511658;40,511658;1,57
STA CLARA MG;1;34,34798225;34,34798225;34,347982;34,347982;34,347982;34,347982;34,347982;34,347982;34,347982;34,347982;34,347982;34,347982;34,347982;34,347982;34,347982;34,347982;34,347982;4,95;4,95;34,347982;34,347982;4,95;34,347982;34,347982;34,347982;4,95;34,347982;34,347982;34,347982;34,347982;34,347982;34,347982;34,347982;34,347982;34,347982;34,347982;34,347982;34,347982;34,347982;34,347982;4,95;34,347982;34,347982;4,95;34,347982;34,347982;34,347982;34,347982;4,95;4,95
STA CLARA PR;1;68,34057022;68,34057022;68,34057;68,34057;68,34057;68,34057;68,34057;68,34057;68,34057;68,34057;68,34057;68,34057;68,34057;68,34057;68,34057;68,34057;68,34057;68,34057;68,34057;68,34057;68,34057;68,34057;68,34057;68,34057;68,34057;68,34057;68,34057;68,34057;68,34057;68,34057;68,34057;68,34057;68,34057;68,34057;68,34057;68,34057;68,34057;68,34057;68,34057;68,34057;68,34057;68,34057;68,34057;68,34057;68,34057;68,34057;68,34057;68,34057;68,34057;68,34057
STO ANT JARI;1;208,4593434;208,4593434;208,45934;208,45934;208,45934;208,45934;208,45934;208,45934;208,45934;208,45934;208,45934;208,45934;208,45934;208,45934;208,45934;208,45934;208,45934;208,45934;208,45934;208,45934;208,45934;208,45934;208,45934;208,45934;208,45934;208,45934;208,45934;208,45934;208,45934;208,45934;208,45934;208,45934;208,45934;208,45934;208,45934;208,45934;208,45934;208,45934;208,45934;208,45934;208,45934;208,45934;208,45934;208,45934;208,45934;208,45934;208,45934;208,45934;208,45934;208,45934
TAQUARUCU;1;251,7899406;251,7899406;251,78994;251,78994;251,78994;251,78994;251,78994;251,78994;251,78994;251,78994;251,78994;251,78994;251,78994;251,78994;251,78994;251,78994;251,78994;251,78994;251,78994;251,78994;251,78994;251,78994;251,78994;251,78994;251,78994;251,78994;251,78994;251,78994;251,78994;251,78994;251,78994;251,78994;251,78994;251,78994;251,78994;251,78994;251,78994;251,78994;251,78994;251,78994;251,78994;251,78994;251,78994;251,78994;251,78994;251,78994;251,78994;251,78994;251,78994;251,78994
TRES MARIAS;1;246,2210201;246,2210201;246,22102;246,22102;246,22102;246,22102;246,22102;246,22102;246,22102;246,22102;246,22102;246,22102;246,22102;246,22102;246,22102;246,22102;246,22102;246,22102;246,22102;246,22102;246,22102;246,22102;246,22102;246,22102;246,22102;246,22102;246,22102;246,22102;246,22102;246,22102;246,22102;246,22102;246,22102;246,22102;246,22102;246,22102;246,22102;246,22102;246,22102;246,22102;246,22102;246,22102;246,22102;246,22102;246,22102;246,22102;246,22102;246,22102;246,22102;246,22102
TUCURUI;1;4590,997316;4590,997316;4590,9973;4590,9973;4590,9973;4590,9973;4590,9973;4590,9973;4590,9973;4590,9973;4590,9973;4590,9973;4590,9973;4590,9973;4590,9973;4590,9973;4590,9973;4590,9973;4590,9973;4590,9973;4590,9973;4590,9973;4590,9973;4590,9973;4590,9973;4590,9973;4590,9973;4590,9973;4590,9973;4590,9973;4590,9973;4590,9973;4590,9973;4590,9973;4590,9973;4590,9973;4590,9973;4590,9973;4590,9973;4590,9973;4590,9973;4590,9973;4590,9973;4590,9973;4590,9973;4590,9973;4590,9973;4590,9973;4590,9973;4590,9973
VOLTA GRANDE;1;245,6156296;245,6156296;245,61563;245,61563;245,61563;245,61563;245,61563;245,61563;245,61563;245,61563;245,61563;245,61563;245,61563;245,61563;245,61563;245,61563;245,61563;0,0;245,61563;0,0;245,61563;245,61563;0,0;245,61563;0,0;245,61563;245,61563;245,61563;245,61563;245,61563;245,61563;245,61563;245,61563;245,61563;245,61563;245,61563;245,61563;245,61563;245,61563;245,61563;245,61563;0,0;245,61563;0,0;0,0;245,61563;0,0;245,61563;245,61563;0,0
XINGO;1;1934,341981;1934,341981;1934,342;1934,342;1934,342;1934,342;1934,342;1934,342;1934,342;1934,342;1934,342;1934,342;1934,342;1934,342;1934,342;1934,342;1934,342;0,0;1934,342;1934,342;0,0;0,0;1934,342;1934,342;1934,342;1934,342;1934,342;1934,342;1934,342;1934,342;1934,342;1934,342;1934,342;1934,342;1934,342;1934,342;1934,342;1934,342;1934,342;1934,342;0,0;1934,342;1934,342;0,0;0,0;0,0;1934,342;0,0;1934,342;0,0
BILLINGS;1;0,0;0,0;0,0;0,0;0,0;0,0;0,0;0,0;0,0;0,0;0,0;0,0;0,0;0,0;0,0;0,0;0,0;0,0;0,0;0,0;0,0;0,0;0,0;0,0;0,0;0,0;0,0;0,0;0,0;0,0;0,0;0,0;0,0;0,0;0,0;0,0;0,0;0,0;0,0;0,0;0,0;0,0;0,0;0,0;0,0;0,0;0,0;0,0;0,0;0,0
ERNESTINA;1;0,0;0,0;0,0;0,0;0,0;0,0;0,0;0,0;0,0;0,0;0,0;0,0;0,0;0,0;0,0;0,0;0,0;0,0;0,0;0,0;0,0;0,0;0,0;0,0;0,0;0,0;0,0;0,0;0,0;0,0;0,0;0,0;0,0;0,0;0,0;0,0;0,0;0,0;0,0;0,0;0,0;0,0;0,0;0,0;0,0;0,0;0,0;0,0;0,0;0,0
JORDAO;1;0,0;0,0;0,0;0,0;0,0;0,0;0,0;0,0;0,0;0,0;0,0;0,0;0,0;0,0;0,0;0,0;0,0;0,0;0,0;0,0;0,0;0,0;0,0;0,0;0,0;0,0;0,0;0,0;0,0;0,0;0,0;0,0;0,0;0,0;0,0;0,0;0,0;0,0;0,0;0,0;0,0;0,0;0,0;0,0;0,0;0,0;0,0;0,0;0,0;0,0
CACH.CALDEIR;1;119,595162;119,595162;119,59516;119,59516;119,59516;119,59516;119,59516;119,59516;119,59516;119,59516;119,59516;119,59516;119,59516;119,59516;119,59516;119,59516;119,59516;119,59516;119,59516;119,59516;119,59516;119,59516;119,59516;119,59516;119,59516;119,59516;119,59516;119,59516;119,59516;119,59516;119,59516;119,59516;119,59516;119,59516;119,59516;119,59516;119,59516;119,59516;119,59516;119,59516;119,59516;119,59516;119,59516;119,59516;119,59516;119,59516;119,59516;119,59516;119,59516;119,59516
PIMENTAL;1;116,2576173;116,2576173;116,25762;116,25762;116,25762;116,25762;116,25762;116,25762;116,25762;116,25762;116,25762;116,25762;116,25762;116,25762;116,25762;116,25762;116,25762;35,78;116,25762;35,78;116,25762;116,25762;35,78;35,78;116,25762;116,25762;116,25762;116,25762;116,25762;116,25762;116,25762;116,25762;116,25762;116,25762;116,25762;116,25762;116,25762;116,25762;116,25762;116,25762;116,25762;35,78;116,25762;116,25762;116,25762;35,78;35,78;116,25762;35,78;116,25762
SINOP;1;204,4029043;204,4029043;204,4029;204,4029;204,4029;204,4029;204,4029;204,4029;204,4029;204,4029;204,4029;204,4029;204,4029;204,4029;204,4029;204,4029;204,4029;204,4029;204,4029;204,4029;204,4029;204,4029;204,4029;204,4029;204,4029;204,4029;204,4029;204,4029;204,4029;204,4029;204,4029;204,4029;204,4029;204,4029;204,4029;204,4029;204,4029;204,4029;204,4029;204,4029;204,4029;204,4029;204,4029;204,4029;204,4029;204,4029;204,4029;204,4029;204,4029;204,4029
COLIDER;1;188,2727677;188,2727677;188,27277;188,27277;188,27277;188,27277;188,27277;188,27277;188,27277;188,27277;188,27277;188,27277;188,27277;188,27277;188,27277;188,27277;76,79;188,27277;188,27277;76,79;188,27277;188,27277;188,27277;188,27277;76,79;188,27277;188,27277;188,27277;188,27277;188,27277;188,27277;188,27277;188,27277;188,27277;188,27277;188,27277;188,27277;188,27277;188,27277;188,27277;76,79;76,79;188,27277;188,27277;188,27277;188,27277;188,27277;76,79;76,79;76,79
SAO MANOEL;1;428,6425787;428,6425787;428,64258;428,64258;428,64258;428,64258;428,64258;428,64258;428,64258;428,64258;428,64258;428,64258;428,64258;428,64258;428,64258;428,64258;428,64258;2,61;428,64258;2,61;428,64258;2,61;2,61;428,64258;2,61;2,61;428,64258;428,64258;428,64258;428,64258;428,64258;428,64258;428,64258;428,64258;428,64258;428,64258;428,64258;428,64258;428,64258;428,64258;428,64258;2,61;354,5044;428,64258;2,61;428,64258;2,61;428,64258;428,64258;428,64258
STA BRANCA T;1;40,73115355;40,73115355;40,731154;40,731154;40,731154;40,731154;40,731154;40,731154;40,731154;40,731154;40,731154;40,731154;40,731154;40,731154;40,731154;40,731154;40,731154;40,731154;30,17;30,17;40,731154;40,731154;40,731154;40,731154;40,731154;30,17;40,731154;40,731154;40,731154;40,731154;40,731154;40,731154;40,731154;40,731154;40,731154;40,731154;40,731154;40,731154;40,731154;40,731154;40,731154;40,731154;30,17;40,731154;30,17;30,17;40,731154;30,17;40,731154;40,731154
BAIXO IGUACU;1;196,8388002;196,8388002;196,8388;196,8388;196,8388;196,8388;196,8388;196,8388;196,8388;196,8388;196,8388;196,8388;196,8388;196,8388;196,8388;196,8388;196,8388;196,8388;196,8388;196,8388;196,8388;196,8388;196,8388;196,8388;196,8388;196,8388;196,8388;196,8388;196,8388;196,8388;196,8388;196,8388;196,8388;196,8388;196,8388;196,8388;196,8388;196,8388;196,8388;196,8388;196,8388;196,8388;196,8388;196,8388;196,8388;196,8388;196,8388;196,8388;196,8388;196,8388
TIBAGI MONTANTE;1;22,81484336;22,81484336;22,814843;22,814843;22,814843;22,814843;22,814843;22,814843;22,814843;22,814843;22,814843;22,814843;22,814843;22,814843;22,814843;22,814843;22,814843;4,61;22,814843;22,814843;22,814843;4,61;22,814843;22,814843;22,814843;22,814843;22,814843;22,814843;22,814843;22,814843;22,814843;22,814843;22,814843;22,814843;22,814843;22,814843;22,814843;22,814843;22,814843;22,814843;22,814843;4,61;22,814843;4,61;4,61;22,814843;22,814843;4,61;4,61;22,814843
SAO ROQUE;1;82,48430478;82,48430478;82,484305;82,484305;82,484305;82,484305;82,484305;82,484305;82,484305;82,484305;82,484305;82,484305;82,484305;82,484305;82,484305;82,484305;82,484305;82,484305;82,484305;82,484305;82,484305;82,484305;82,484305;82,484305;82,484305;82,484305;82,484305;82,484305;82,484305;82,484305;82,484305;82,484305;82,484305;82,484305;82,484305;82,484305;82,484305;82,484305;82,484305;82,484305;82,484305;82,484305;82,484305;82,484305;82,484305;82,484305;82,484305;82,484305;82,484305;82,484305
